Time,Repetition,Trial,HRTF,HRTFidx,azi_target,ele_target,azi_response,ele_response,attenuation_dB,correctionTrial,
12/01/2024 12:58:40,-1,0,TRAINING - KEMAR_Knowl_EarSim_SmallEars_Windowed_NoITD_48kHz.3dti-hrtf.bytes,0,18,-32,18.35136,-31.73172,0,0,
12/01/2024 12:58:44,-1,1,TRAINING - KEMAR_Knowl_EarSim_SmallEars_Windowed_NoITD_48kHz.3dti-hrtf.bytes,0,216,0,-144.1257,-0.8156537,0,0,
12/01/2024 12:58:48,-1,2,TRAINING - KEMAR_Knowl_EarSim_SmallEars_Windowed_NoITD_48kHz.3dti-hrtf.bytes,0,306,32,-53.52969,34.41407,0,0,
12/01/2024 12:58:51,-1,3,TRAINING - KEMAR_Knowl_EarSim_SmallEars_Windowed_NoITD_48kHz.3dti-hrtf.bytes,0,72,0,72.88145,0.1046783,0,0,
12/01/2024 12:58:55,-1,4,TRAINING - KEMAR_Knowl_EarSim_SmallEars_Windowed_NoITD_48kHz.3dti-hrtf.bytes,0,126,-56,129.2199,-57.09875,0,0,
12/01/2024 12:58:59,-1,5,TRAINING - KEMAR_Knowl_EarSim_SmallEars_Windowed_NoITD_48kHz.3dti-hrtf.bytes,0,90,-32,90.34019,-31.7657,0,0,
12/01/2024 12:59:05,-1,6,TRAINING - KEMAR_Knowl_EarSim_SmallEars_Windowed_NoITD_48kHz.3dti-hrtf.bytes,0,234,32,-127.5014,32.56312,0,0,
12/01/2024 12:59:09,-1,7,TRAINING - KEMAR_Knowl_EarSim_SmallEars_Windowed_NoITD_48kHz.3dti-hrtf.bytes,0,270,56,-89.74128,54.78468,0,0,
12/01/2024 12:59:13,-1,8,TRAINING - KEMAR_Knowl_EarSim_SmallEars_Windowed_NoITD_48kHz.3dti-hrtf.bytes,0,270,-56,-91.31783,-55.34811,0,0,
12/01/2024 12:59:18,-1,9,TRAINING - KEMAR_Knowl_EarSim_SmallEars_Windowed_NoITD_48kHz.3dti-hrtf.bytes,0,126,56,126.0263,56.68866,0,0,
12/01/2024 12:59:24,-1,10,TRAINING - KEMAR_Knowl_EarSim_SmallEars_Windowed_NoITD_48kHz.3dti-hrtf.bytes,0,198,56,-161.1311,55.79116,0,0,
12/01/2024 12:59:28,-1,11,TRAINING - KEMAR_Knowl_EarSim_SmallEars_Windowed_NoITD_48kHz.3dti-hrtf.bytes,0,252,0,-106.7086,-0.2601963,0,0,
12/01/2024 12:59:32,-1,12,TRAINING - KEMAR_Knowl_EarSim_SmallEars_Windowed_NoITD_48kHz.3dti-hrtf.bytes,0,0,0,0.6268256,0.8833739,0,0,
12/01/2024 12:59:35,-1,13,TRAINING - KEMAR_Knowl_EarSim_SmallEars_Windowed_NoITD_48kHz.3dti-hrtf.bytes,0,198,-56,-164.8369,-56.55228,0,0,
12/01/2024 12:59:42,-1,14,TRAINING - KEMAR_Knowl_EarSim_SmallEars_Windowed_NoITD_48kHz.3dti-hrtf.bytes,0,162,32,163.0499,31.63848,0,0,
12/01/2024 12:59:47,-1,15,TRAINING - KEMAR_Knowl_EarSim_SmallEars_Windowed_NoITD_48kHz.3dti-hrtf.bytes,0,0,90,38.46044,89.24285,0,0,
12/01/2024 12:59:51,-1,16,TRAINING - KEMAR_Knowl_EarSim_SmallEars_Windowed_NoITD_48kHz.3dti-hrtf.bytes,0,90,32,90.17973,31.99521,0,0,
12/01/2024 12:59:56,-1,17,TRAINING - KEMAR_Knowl_EarSim_SmallEars_Windowed_NoITD_48kHz.3dti-hrtf.bytes,0,306,-32,-54.5195,-31.9674,0,0,
12/01/2024 12:59:59,-1,18,TRAINING - KEMAR_Knowl_EarSim_SmallEars_Windowed_NoITD_48kHz.3dti-hrtf.bytes,0,54,-56,53.85181,-56.39112,0,0,
12/01/2024 13:00:04,-1,19,TRAINING - KEMAR_Knowl_EarSim_SmallEars_Windowed_NoITD_48kHz.3dti-hrtf.bytes,0,162,-32,161.9057,-30.5603,0,0,
12/01/2024 13:00:08,-1,20,TRAINING - KEMAR_Knowl_EarSim_SmallEars_Windowed_NoITD_48kHz.3dti-hrtf.bytes,0,18,32,18.98784,32.21437,0,0,
12/01/2024 13:00:11,-1,21,TRAINING - KEMAR_Knowl_EarSim_SmallEars_Windowed_NoITD_48kHz.3dti-hrtf.bytes,0,234,-32,-126.805,-32.38626,0,0,
12/01/2024 13:00:16,-1,22,TRAINING - KEMAR_Knowl_EarSim_SmallEars_Windowed_NoITD_48kHz.3dti-hrtf.bytes,0,144,0,145.1315,0.5556712,0,0,
12/01/2024 13:00:20,-1,23,TRAINING - KEMAR_Knowl_EarSim_SmallEars_Windowed_NoITD_48kHz.3dti-hrtf.bytes,0,324,0,-35.7032,0.1235407,0,0,
12/01/2024 13:00:25,-1,24,TRAINING - KEMAR_Knowl_EarSim_SmallEars_Windowed_NoITD_48kHz.3dti-hrtf.bytes,0,180,0,-179.666,0,0,0,
12/01/2024 13:00:29,-1,25,TRAINING - KEMAR_Knowl_EarSim_SmallEars_Windowed_NoITD_48kHz.3dti-hrtf.bytes,0,54,56,54.11391,55.24547,0,0,
12/01/2024 13:00:33,-1,26,TRAINING - KEMAR_Knowl_EarSim_SmallEars_Windowed_NoITD_48kHz.3dti-hrtf.bytes,0,108,0,109.1951,0.9626616,0,0,
12/01/2024 13:00:37,-1,27,TRAINING - KEMAR_Knowl_EarSim_SmallEars_Windowed_NoITD_48kHz.3dti-hrtf.bytes,0,342,-56,-17.7945,-55.84644,0,0,
12/01/2024 13:00:41,-1,28,TRAINING - KEMAR_Knowl_EarSim_SmallEars_Windowed_NoITD_48kHz.3dti-hrtf.bytes,0,342,56,-16.52512,56.74609,0,0,
12/01/2024 13:00:45,-1,29,TRAINING - KEMAR_Knowl_EarSim_SmallEars_Windowed_NoITD_48kHz.3dti-hrtf.bytes,0,36,0,36.17973,1.179354,0,0,
12/01/2024 13:00:48,-1,30,TRAINING - KEMAR_Knowl_EarSim_SmallEars_Windowed_NoITD_48kHz.3dti-hrtf.bytes,0,288,0,-72.73993,-0.166689,0,0,
12/01/2024 13:00:54,-1,31,TRAINING - KEMAR_Knowl_EarSim_SmallEars_Windowed_NoITD_48kHz.3dti-hrtf.bytes,0,90,-32,90.10162,-49.45618,0,0,
12/01/2024 13:00:59,-1,31,TRAINING - KEMAR_Knowl_EarSim_SmallEars_Windowed_NoITD_48kHz.3dti-hrtf.bytes,0,90,-32,89.88946,-21.79846,0,1,
12/01/2024 13:01:03,-1,31,TRAINING - KEMAR_Knowl_EarSim_SmallEars_Windowed_NoITD_48kHz.3dti-hrtf.bytes,0,90,-32,76.865,-22.34606,0,2,
12/01/2024 13:01:08,-1,32,TRAINING - KEMAR_Knowl_EarSim_SmallEars_Windowed_NoITD_48kHz.3dti-hrtf.bytes,0,198,-56,-158.439,-39.96317,0,0,
12/01/2024 13:01:13,-1,32,TRAINING - KEMAR_Knowl_EarSim_SmallEars_Windowed_NoITD_48kHz.3dti-hrtf.bytes,0,198,-56,-169.7892,-60.31981,0,1,
12/01/2024 13:01:18,-1,32,TRAINING - KEMAR_Knowl_EarSim_SmallEars_Windowed_NoITD_48kHz.3dti-hrtf.bytes,0,198,-56,-146.8803,-48.97684,0,2,
12/01/2024 13:01:22,-1,33,TRAINING - KEMAR_Knowl_EarSim_SmallEars_Windowed_NoITD_48kHz.3dti-hrtf.bytes,0,306,-32,-43.55649,-24.43443,0,0,
12/01/2024 13:01:26,-1,33,TRAINING - KEMAR_Knowl_EarSim_SmallEars_Windowed_NoITD_48kHz.3dti-hrtf.bytes,0,306,-32,-58.03323,-35.74264,0,1,
12/01/2024 13:01:30,-1,33,TRAINING - KEMAR_Knowl_EarSim_SmallEars_Windowed_NoITD_48kHz.3dti-hrtf.bytes,0,306,-32,-51.56927,-30.3579,0,2,
12/01/2024 13:01:35,-1,34,TRAINING - KEMAR_Knowl_EarSim_SmallEars_Windowed_NoITD_48kHz.3dti-hrtf.bytes,0,288,0,-72.92476,-0.3449174,0,0,
12/01/2024 13:01:39,-1,35,TRAINING - KEMAR_Knowl_EarSim_SmallEars_Windowed_NoITD_48kHz.3dti-hrtf.bytes,0,36,0,38.86253,0.5132,0,0,
12/01/2024 13:01:42,-1,36,TRAINING - KEMAR_Knowl_EarSim_SmallEars_Windowed_NoITD_48kHz.3dti-hrtf.bytes,0,270,-56,-58.48113,-37.8057,0,0,
12/01/2024 13:01:48,-1,36,TRAINING - KEMAR_Knowl_EarSim_SmallEars_Windowed_NoITD_48kHz.3dti-hrtf.bytes,0,270,-56,-76.12769,-55.74264,0,1,
12/01/2024 13:01:52,-1,36,TRAINING - KEMAR_Knowl_EarSim_SmallEars_Windowed_NoITD_48kHz.3dti-hrtf.bytes,0,270,-56,-93.61391,-48.41328,0,2,
12/01/2024 13:01:56,-1,37,TRAINING - KEMAR_Knowl_EarSim_SmallEars_Windowed_NoITD_48kHz.3dti-hrtf.bytes,0,162,32,147.7335,46.69844,0,0,
12/01/2024 13:02:03,-1,37,TRAINING - KEMAR_Knowl_EarSim_SmallEars_Windowed_NoITD_48kHz.3dti-hrtf.bytes,0,162,32,169.0553,34.27021,0,1,
12/01/2024 13:02:08,-1,37,TRAINING - KEMAR_Knowl_EarSim_SmallEars_Windowed_NoITD_48kHz.3dti-hrtf.bytes,0,162,32,142.9825,37.53775,0,2,
12/01/2024 13:02:12,-1,38,TRAINING - KEMAR_Knowl_EarSim_SmallEars_Windowed_NoITD_48kHz.3dti-hrtf.bytes,0,252,0,-89.56349,1.333982,0,0,
12/01/2024 13:02:16,-1,38,TRAINING - KEMAR_Knowl_EarSim_SmallEars_Windowed_NoITD_48kHz.3dti-hrtf.bytes,0,252,0,-105.1984,-0.7805943,0,1,
12/01/2024 13:02:20,-1,39,TRAINING - KEMAR_Knowl_EarSim_SmallEars_Windowed_NoITD_48kHz.3dti-hrtf.bytes,0,54,56,73.6638,57.80117,0,0,
12/01/2024 13:02:24,-1,39,TRAINING - KEMAR_Knowl_EarSim_SmallEars_Windowed_NoITD_48kHz.3dti-hrtf.bytes,0,54,56,43.05459,61.97652,0,1,
12/01/2024 13:02:28,-1,39,TRAINING - KEMAR_Knowl_EarSim_SmallEars_Windowed_NoITD_48kHz.3dti-hrtf.bytes,0,54,56,57.21161,55.68568,0,2,
12/01/2024 13:02:32,-1,40,TRAINING - KEMAR_Knowl_EarSim_SmallEars_Windowed_NoITD_48kHz.3dti-hrtf.bytes,0,216,0,-148.9137,-0.1027921,0,0,
12/01/2024 13:02:36,-1,41,TRAINING - KEMAR_Knowl_EarSim_SmallEars_Windowed_NoITD_48kHz.3dti-hrtf.bytes,0,306,32,-67.28686,44.30687,0,0,
12/01/2024 13:02:40,-1,41,TRAINING - KEMAR_Knowl_EarSim_SmallEars_Windowed_NoITD_48kHz.3dti-hrtf.bytes,0,306,32,-58.62764,36.79195,0,1,
12/01/2024 13:02:43,-1,41,TRAINING - KEMAR_Knowl_EarSim_SmallEars_Windowed_NoITD_48kHz.3dti-hrtf.bytes,0,306,32,-52.17274,28.59079,0,2,
12/01/2024 13:02:47,-1,42,TRAINING - KEMAR_Knowl_EarSim_SmallEars_Windowed_NoITD_48kHz.3dti-hrtf.bytes,0,324,0,-26.40466,0.6173896,0,0,
12/01/2024 13:02:51,-1,42,TRAINING - KEMAR_Knowl_EarSim_SmallEars_Windowed_NoITD_48kHz.3dti-hrtf.bytes,0,324,0,-39.35144,-0.4977152,0,1,
12/01/2024 13:02:55,-1,43,TRAINING - KEMAR_Knowl_EarSim_SmallEars_Windowed_NoITD_48kHz.3dti-hrtf.bytes,0,234,32,-71.60062,39.12541,0,0,
12/01/2024 13:02:59,-1,43,TRAINING - KEMAR_Knowl_EarSim_SmallEars_Windowed_NoITD_48kHz.3dti-hrtf.bytes,0,234,32,-129.4546,38.6643,0,1,
12/01/2024 13:03:04,-1,43,TRAINING - KEMAR_Knowl_EarSim_SmallEars_Windowed_NoITD_48kHz.3dti-hrtf.bytes,0,234,32,-127.4079,28.88269,0,2,
12/01/2024 13:03:09,-1,44,TRAINING - KEMAR_Knowl_EarSim_SmallEars_Windowed_NoITD_48kHz.3dti-hrtf.bytes,0,234,-32,-122.6766,-23.24246,0,0,
12/01/2024 13:03:13,-1,44,TRAINING - KEMAR_Knowl_EarSim_SmallEars_Windowed_NoITD_48kHz.3dti-hrtf.bytes,0,234,-32,-132.9148,-43.83523,0,1,
12/01/2024 13:03:18,-1,44,TRAINING - KEMAR_Knowl_EarSim_SmallEars_Windowed_NoITD_48kHz.3dti-hrtf.bytes,0,234,-32,-131.3439,-37.19309,0,2,
12/01/2024 13:03:22,-1,45,TRAINING - KEMAR_Knowl_EarSim_SmallEars_Windowed_NoITD_48kHz.3dti-hrtf.bytes,0,162,-32,167.3665,-27.79374,0,0,
12/01/2024 13:03:27,-1,45,TRAINING - KEMAR_Knowl_EarSim_SmallEars_Windowed_NoITD_48kHz.3dti-hrtf.bytes,0,162,-32,151.3878,-44.15746,0,1,
12/01/2024 13:03:31,-1,45,TRAINING - KEMAR_Knowl_EarSim_SmallEars_Windowed_NoITD_48kHz.3dti-hrtf.bytes,0,162,-32,154.5416,-37.26561,0,2,
12/01/2024 13:03:35,-1,46,TRAINING - KEMAR_Knowl_EarSim_SmallEars_Windowed_NoITD_48kHz.3dti-hrtf.bytes,0,342,-56,-12.42434,-48.67994,0,0,
12/01/2024 13:03:39,-1,46,TRAINING - KEMAR_Knowl_EarSim_SmallEars_Windowed_NoITD_48kHz.3dti-hrtf.bytes,0,342,-56,-21.95797,-60.48348,0,1,
12/01/2024 13:03:43,-1,47,TRAINING - KEMAR_Knowl_EarSim_SmallEars_Windowed_NoITD_48kHz.3dti-hrtf.bytes,0,270,56,-127.3466,65.43338,0,0,
12/01/2024 13:03:47,-1,47,TRAINING - KEMAR_Knowl_EarSim_SmallEars_Windowed_NoITD_48kHz.3dti-hrtf.bytes,0,270,56,-88.40789,55.27428,0,1,
12/01/2024 13:03:51,-1,48,TRAINING - KEMAR_Knowl_EarSim_SmallEars_Windowed_NoITD_48kHz.3dti-hrtf.bytes,0,126,-56,108.2587,-53.46407,0,0,
12/01/2024 13:03:56,-1,48,TRAINING - KEMAR_Knowl_EarSim_SmallEars_Windowed_NoITD_48kHz.3dti-hrtf.bytes,0,126,-56,135.4851,-58.78148,0,1,
12/01/2024 13:04:00,-1,48,TRAINING - KEMAR_Knowl_EarSim_SmallEars_Windowed_NoITD_48kHz.3dti-hrtf.bytes,0,126,-56,128.1232,-56.30441,0,2,
12/01/2024 13:04:04,-1,49,TRAINING - KEMAR_Knowl_EarSim_SmallEars_Windowed_NoITD_48kHz.3dti-hrtf.bytes,0,0,90,-0.6324196,60.07787,0,0,
12/01/2024 13:04:10,-1,49,TRAINING - KEMAR_Knowl_EarSim_SmallEars_Windowed_NoITD_48kHz.3dti-hrtf.bytes,0,0,90,-3.998509,85.10383,0,1,
12/01/2024 13:04:13,-1,50,TRAINING - KEMAR_Knowl_EarSim_SmallEars_Windowed_NoITD_48kHz.3dti-hrtf.bytes,0,18,-32,19.96943,-24.69517,0,0,
12/01/2024 13:04:17,-1,50,TRAINING - KEMAR_Knowl_EarSim_SmallEars_Windowed_NoITD_48kHz.3dti-hrtf.bytes,0,18,-32,17.76918,-38.81247,0,1,
12/01/2024 13:04:22,-1,50,TRAINING - KEMAR_Knowl_EarSim_SmallEars_Windowed_NoITD_48kHz.3dti-hrtf.bytes,0,18,-32,18.13052,-33.71171,0,2,
12/01/2024 13:04:25,-1,51,TRAINING - KEMAR_Knowl_EarSim_SmallEars_Windowed_NoITD_48kHz.3dti-hrtf.bytes,0,108,0,107.8446,-0.249446,0,0,
12/01/2024 13:04:30,-1,52,TRAINING - KEMAR_Knowl_EarSim_SmallEars_Windowed_NoITD_48kHz.3dti-hrtf.bytes,0,144,0,147.9682,12.26,0,0,
12/01/2024 13:04:34,-1,52,TRAINING - KEMAR_Knowl_EarSim_SmallEars_Windowed_NoITD_48kHz.3dti-hrtf.bytes,0,144,0,140.7454,-13.50492,0,1,
12/01/2024 13:04:39,-1,52,TRAINING - KEMAR_Knowl_EarSim_SmallEars_Windowed_NoITD_48kHz.3dti-hrtf.bytes,0,144,0,142.3248,0.7214502,0,2,
12/01/2024 13:04:43,-1,53,TRAINING - KEMAR_Knowl_EarSim_SmallEars_Windowed_NoITD_48kHz.3dti-hrtf.bytes,0,0,0,-0.4311472,0.7981939,0,0,
12/01/2024 13:04:46,-1,54,TRAINING - KEMAR_Knowl_EarSim_SmallEars_Windowed_NoITD_48kHz.3dti-hrtf.bytes,0,342,56,0,76.55164,0,0,
12/01/2024 13:04:50,-1,54,TRAINING - KEMAR_Knowl_EarSim_SmallEars_Windowed_NoITD_48kHz.3dti-hrtf.bytes,0,342,56,-32.64427,62.2842,0,1,
12/01/2024 13:04:54,-1,54,TRAINING - KEMAR_Knowl_EarSim_SmallEars_Windowed_NoITD_48kHz.3dti-hrtf.bytes,0,342,56,-12.6638,53.29153,0,2,
12/01/2024 13:04:58,-1,55,TRAINING - KEMAR_Knowl_EarSim_SmallEars_Windowed_NoITD_48kHz.3dti-hrtf.bytes,0,72,0,90.27335,0.6132555,0,0,
12/01/2024 13:05:02,-1,55,TRAINING - KEMAR_Knowl_EarSim_SmallEars_Windowed_NoITD_48kHz.3dti-hrtf.bytes,0,72,0,75.38808,-0.3102743,0,1,
12/01/2024 13:05:07,-1,56,TRAINING - KEMAR_Knowl_EarSim_SmallEars_Windowed_NoITD_48kHz.3dti-hrtf.bytes,0,198,56,-28.93317,57.46324,0,0,
12/01/2024 13:05:12,-1,56,TRAINING - KEMAR_Knowl_EarSim_SmallEars_Windowed_NoITD_48kHz.3dti-hrtf.bytes,0,198,56,-137.0387,73.62553,0,1,
12/01/2024 13:05:17,-1,56,TRAINING - KEMAR_Knowl_EarSim_SmallEars_Windowed_NoITD_48kHz.3dti-hrtf.bytes,0,198,56,-158.3181,62.19887,0,2,
12/01/2024 13:05:22,-1,57,TRAINING - KEMAR_Knowl_EarSim_SmallEars_Windowed_NoITD_48kHz.3dti-hrtf.bytes,0,126,56,126.347,59.86819,0,0,
12/01/2024 13:05:26,-1,58,TRAINING - KEMAR_Knowl_EarSim_SmallEars_Windowed_NoITD_48kHz.3dti-hrtf.bytes,0,18,32,29.80196,1.966425,0,0,
12/01/2024 13:05:29,-1,58,TRAINING - KEMAR_Knowl_EarSim_SmallEars_Windowed_NoITD_48kHz.3dti-hrtf.bytes,0,18,32,25.10495,40.42063,0,1,
12/01/2024 13:05:32,-1,58,TRAINING - KEMAR_Knowl_EarSim_SmallEars_Windowed_NoITD_48kHz.3dti-hrtf.bytes,0,18,32,16.58872,30.45389,0,2,
12/01/2024 13:05:36,-1,59,TRAINING - KEMAR_Knowl_EarSim_SmallEars_Windowed_NoITD_48kHz.3dti-hrtf.bytes,0,54,-56,56.14351,-57.36524,0,0,
12/01/2024 13:05:40,-1,60,TRAINING - KEMAR_Knowl_EarSim_SmallEars_Windowed_NoITD_48kHz.3dti-hrtf.bytes,0,90,32,89.25493,16.77767,0,0,
12/01/2024 13:05:44,-1,60,TRAINING - KEMAR_Knowl_EarSim_SmallEars_Windowed_NoITD_48kHz.3dti-hrtf.bytes,0,90,32,88.96632,32.83693,0,1,
12/01/2024 13:05:48,-1,61,TRAINING - KEMAR_Knowl_EarSim_SmallEars_Windowed_NoITD_48kHz.3dti-hrtf.bytes,0,180,0,-1.59127,-36.46701,0,0,
12/01/2024 13:05:53,-1,61,TRAINING - KEMAR_Knowl_EarSim_SmallEars_Windowed_NoITD_48kHz.3dti-hrtf.bytes,0,180,0,179.7099,43.33057,0,1,
12/01/2024 13:05:58,-1,61,TRAINING - KEMAR_Knowl_EarSim_SmallEars_Windowed_NoITD_48kHz.3dti-hrtf.bytes,0,180,0,-0.5990517,-29.49589,0,2,
12/01/2024 13:06:03,-1,62,TRAINING - KEMAR_Knowl_EarSim_SmallEars_Windowed_NoITD_48kHz.3dti-hrtf.bytes,0,198,-56,-161.3184,-52.89769,0,0,
12/01/2024 13:06:07,-1,63,TRAINING - KEMAR_Knowl_EarSim_SmallEars_Windowed_NoITD_48kHz.3dti-hrtf.bytes,0,288,0,-70.95399,-0.360452,0,0,
12/01/2024 13:06:12,-1,64,TRAINING - KEMAR_Knowl_EarSim_SmallEars_Windowed_NoITD_48kHz.3dti-hrtf.bytes,0,108,0,103.8401,0.07401875,0,0,
12/01/2024 13:06:16,-1,65,TRAINING - KEMAR_Knowl_EarSim_SmallEars_Windowed_NoITD_48kHz.3dti-hrtf.bytes,0,0,0,0.2229358,-0.5319225,0,0,
12/01/2024 13:06:19,-1,66,TRAINING - KEMAR_Knowl_EarSim_SmallEars_Windowed_NoITD_48kHz.3dti-hrtf.bytes,0,234,-32,-122.9806,-25.8837,0,0,
12/01/2024 13:06:23,-1,66,TRAINING - KEMAR_Knowl_EarSim_SmallEars_Windowed_NoITD_48kHz.3dti-hrtf.bytes,0,234,-32,-134.3061,-45.39236,0,1,
12/01/2024 13:06:27,-1,66,TRAINING - KEMAR_Knowl_EarSim_SmallEars_Windowed_NoITD_48kHz.3dti-hrtf.bytes,0,234,-32,-129.9248,-38.83707,0,2,
12/01/2024 13:06:31,-1,67,TRAINING - KEMAR_Knowl_EarSim_SmallEars_Windowed_NoITD_48kHz.3dti-hrtf.bytes,0,90,-32,80.85405,-33.17847,0,0,
12/01/2024 13:06:35,-1,67,TRAINING - KEMAR_Knowl_EarSim_SmallEars_Windowed_NoITD_48kHz.3dti-hrtf.bytes,0,90,-32,100.1689,-34.26067,0,1,
12/01/2024 13:06:39,-1,67,TRAINING - KEMAR_Knowl_EarSim_SmallEars_Windowed_NoITD_48kHz.3dti-hrtf.bytes,0,90,-32,88.96187,-33.83823,0,2,
12/01/2024 13:06:42,-1,68,TRAINING - KEMAR_Knowl_EarSim_SmallEars_Windowed_NoITD_48kHz.3dti-hrtf.bytes,0,342,-56,-15.31203,-48.74331,0,0,
12/01/2024 13:06:46,-1,68,TRAINING - KEMAR_Knowl_EarSim_SmallEars_Windowed_NoITD_48kHz.3dti-hrtf.bytes,0,342,-56,-20.62826,-59.80878,0,1,
12/01/2024 13:06:50,-1,69,TRAINING - KEMAR_Knowl_EarSim_SmallEars_Windowed_NoITD_48kHz.3dti-hrtf.bytes,0,162,-32,169.3743,-20.31225,0,0,
12/01/2024 13:06:55,-1,69,TRAINING - KEMAR_Knowl_EarSim_SmallEars_Windowed_NoITD_48kHz.3dti-hrtf.bytes,0,162,-32,157.8133,-42.22909,0,1,
12/01/2024 13:07:00,-1,69,TRAINING - KEMAR_Knowl_EarSim_SmallEars_Windowed_NoITD_48kHz.3dti-hrtf.bytes,0,162,-32,159.5808,-36.36333,0,2,
12/01/2024 13:07:03,-1,70,TRAINING - KEMAR_Knowl_EarSim_SmallEars_Windowed_NoITD_48kHz.3dti-hrtf.bytes,0,18,-32,22.32925,-24.67031,0,0,
12/01/2024 13:07:06,-1,70,TRAINING - KEMAR_Knowl_EarSim_SmallEars_Windowed_NoITD_48kHz.3dti-hrtf.bytes,0,18,-32,16.93089,-35.11125,0,1,
12/01/2024 13:07:10,-1,71,TRAINING - KEMAR_Knowl_EarSim_SmallEars_Windowed_NoITD_48kHz.3dti-hrtf.bytes,0,144,0,141.6173,-0.7367479,0,0,
12/01/2024 13:07:14,-1,72,TRAINING - KEMAR_Knowl_EarSim_SmallEars_Windowed_NoITD_48kHz.3dti-hrtf.bytes,0,90,32,84.55334,28.03488,0,0,
12/01/2024 13:07:18,-1,72,TRAINING - KEMAR_Knowl_EarSim_SmallEars_Windowed_NoITD_48kHz.3dti-hrtf.bytes,0,90,32,98.32591,34.52587,0,1,
12/01/2024 13:07:23,-1,72,TRAINING - KEMAR_Knowl_EarSim_SmallEars_Windowed_NoITD_48kHz.3dti-hrtf.bytes,0,90,32,90.54565,31.2612,0,2,
12/01/2024 13:07:27,-1,73,TRAINING - KEMAR_Knowl_EarSim_SmallEars_Windowed_NoITD_48kHz.3dti-hrtf.bytes,0,54,56,49.1608,51.6153,0,0,
12/01/2024 13:07:31,-1,73,TRAINING - KEMAR_Knowl_EarSim_SmallEars_Windowed_NoITD_48kHz.3dti-hrtf.bytes,0,54,56,63.83567,60.02534,0,1,
12/01/2024 13:07:34,-1,73,TRAINING - KEMAR_Knowl_EarSim_SmallEars_Windowed_NoITD_48kHz.3dti-hrtf.bytes,0,54,56,53.23941,56.60559,0,2,
12/01/2024 13:07:38,-1,74,TRAINING - KEMAR_Knowl_EarSim_SmallEars_Windowed_NoITD_48kHz.3dti-hrtf.bytes,0,18,32,25.53633,44.73184,0,0,
12/01/2024 13:07:42,-1,74,TRAINING - KEMAR_Knowl_EarSim_SmallEars_Windowed_NoITD_48kHz.3dti-hrtf.bytes,0,18,32,21.30951,34.86888,0,1,
12/01/2024 13:07:45,-1,75,TRAINING - KEMAR_Knowl_EarSim_SmallEars_Windowed_NoITD_48kHz.3dti-hrtf.bytes,0,306,-32,-39.74349,-26.52349,0,0,
12/01/2024 13:07:48,-1,75,TRAINING - KEMAR_Knowl_EarSim_SmallEars_Windowed_NoITD_48kHz.3dti-hrtf.bytes,0,306,-32,-50.23278,-30.47577,0,1,
12/01/2024 13:07:51,-1,76,TRAINING - KEMAR_Knowl_EarSim_SmallEars_Windowed_NoITD_48kHz.3dti-hrtf.bytes,0,54,-56,46.44693,-48.00584,0,0,
12/01/2024 13:07:55,-1,76,TRAINING - KEMAR_Knowl_EarSim_SmallEars_Windowed_NoITD_48kHz.3dti-hrtf.bytes,0,54,-56,49.67388,-57.75782,0,1,
12/01/2024 13:07:59,-1,77,TRAINING - KEMAR_Knowl_EarSim_SmallEars_Windowed_NoITD_48kHz.3dti-hrtf.bytes,0,126,56,67.55224,60.93046,0,0,
12/01/2024 13:08:02,-1,77,TRAINING - KEMAR_Knowl_EarSim_SmallEars_Windowed_NoITD_48kHz.3dti-hrtf.bytes,0,126,56,117.474,53.17698,0,1,
12/01/2024 13:08:06,-1,77,TRAINING - KEMAR_Knowl_EarSim_SmallEars_Windowed_NoITD_48kHz.3dti-hrtf.bytes,0,126,56,134.4182,51.98564,0,2,
12/01/2024 13:08:10,-1,78,TRAINING - KEMAR_Knowl_EarSim_SmallEars_Windowed_NoITD_48kHz.3dti-hrtf.bytes,0,306,32,-60.01348,47.00857,0,0,
12/01/2024 13:08:14,-1,78,TRAINING - KEMAR_Knowl_EarSim_SmallEars_Windowed_NoITD_48kHz.3dti-hrtf.bytes,0,306,32,-59.34734,37.80414,0,1,
12/01/2024 13:08:17,-1,78,TRAINING - KEMAR_Knowl_EarSim_SmallEars_Windowed_NoITD_48kHz.3dti-hrtf.bytes,0,306,32,-53.86103,28.01024,0,2,
12/01/2024 13:08:21,-1,79,TRAINING - KEMAR_Knowl_EarSim_SmallEars_Windowed_NoITD_48kHz.3dti-hrtf.bytes,0,270,-56,-62.09983,-44.82187,0,0,
12/01/2024 13:08:24,-1,79,TRAINING - KEMAR_Knowl_EarSim_SmallEars_Windowed_NoITD_48kHz.3dti-hrtf.bytes,0,270,-56,-74.2366,-51.57499,0,1,
12/01/2024 13:08:29,-1,79,TRAINING - KEMAR_Knowl_EarSim_SmallEars_Windowed_NoITD_48kHz.3dti-hrtf.bytes,0,270,-56,-89.86028,-56.15533,0,2,
12/01/2024 13:08:32,-1,80,TRAINING - KEMAR_Knowl_EarSim_SmallEars_Windowed_NoITD_48kHz.3dti-hrtf.bytes,0,324,0,-31.49141,0.3045456,0,0,
12/01/2024 13:08:36,-1,81,TRAINING - KEMAR_Knowl_EarSim_SmallEars_Windowed_NoITD_48kHz.3dti-hrtf.bytes,0,72,0,90.67449,0.2954137,0,0,
12/01/2024 13:08:39,-1,81,TRAINING - KEMAR_Knowl_EarSim_SmallEars_Windowed_NoITD_48kHz.3dti-hrtf.bytes,0,72,0,77.53751,1.000147,0,1,
12/01/2024 13:08:42,-1,81,TRAINING - KEMAR_Knowl_EarSim_SmallEars_Windowed_NoITD_48kHz.3dti-hrtf.bytes,0,72,0,73.07734,0.7370135,0,2,
12/01/2024 13:08:46,-1,82,TRAINING - KEMAR_Knowl_EarSim_SmallEars_Windowed_NoITD_48kHz.3dti-hrtf.bytes,0,0,90,-0.9159984,70.04971,0,0,
12/01/2024 13:08:50,-1,82,TRAINING - KEMAR_Knowl_EarSim_SmallEars_Windowed_NoITD_48kHz.3dti-hrtf.bytes,0,0,90,11.62893,89.03515,0,1,
12/01/2024 13:08:54,-1,83,TRAINING - KEMAR_Knowl_EarSim_SmallEars_Windowed_NoITD_48kHz.3dti-hrtf.bytes,0,36,0,40.05733,0.8529457,0,0,
12/01/2024 13:08:58,-1,84,TRAINING - KEMAR_Knowl_EarSim_SmallEars_Windowed_NoITD_48kHz.3dti-hrtf.bytes,0,342,56,-20.42067,65.15966,0,0,
12/01/2024 13:09:03,-1,84,TRAINING - KEMAR_Knowl_EarSim_SmallEars_Windowed_NoITD_48kHz.3dti-hrtf.bytes,0,342,56,-20.96494,59.31054,0,1,
12/01/2024 13:09:06,-1,85,TRAINING - KEMAR_Knowl_EarSim_SmallEars_Windowed_NoITD_48kHz.3dti-hrtf.bytes,0,180,0,0,-30.52084,0,0,
12/01/2024 13:09:11,-1,85,TRAINING - KEMAR_Knowl_EarSim_SmallEars_Windowed_NoITD_48kHz.3dti-hrtf.bytes,0,180,0,-179.1595,0.02797646,0,1,
12/01/2024 13:09:15,-1,86,TRAINING - KEMAR_Knowl_EarSim_SmallEars_Windowed_NoITD_48kHz.3dti-hrtf.bytes,0,252,0,-90.39407,-0.1887116,0,0,
12/01/2024 13:09:19,-1,86,TRAINING - KEMAR_Knowl_EarSim_SmallEars_Windowed_NoITD_48kHz.3dti-hrtf.bytes,0,252,0,-105.2884,-0.6688108,0,1,
12/01/2024 13:09:23,-1,87,TRAINING - KEMAR_Knowl_EarSim_SmallEars_Windowed_NoITD_48kHz.3dti-hrtf.bytes,0,198,56,-23.58481,73.52132,0,0,
12/01/2024 13:09:28,-1,87,TRAINING - KEMAR_Knowl_EarSim_SmallEars_Windowed_NoITD_48kHz.3dti-hrtf.bytes,0,198,56,-152.0763,60.74813,0,1,
12/01/2024 13:09:32,-1,87,TRAINING - KEMAR_Knowl_EarSim_SmallEars_Windowed_NoITD_48kHz.3dti-hrtf.bytes,0,198,56,-166.1557,47.45205,0,2,
12/01/2024 13:09:36,-1,88,TRAINING - KEMAR_Knowl_EarSim_SmallEars_Windowed_NoITD_48kHz.3dti-hrtf.bytes,0,270,56,-139.394,60.65083,0,0,
12/01/2024 13:09:40,-1,88,TRAINING - KEMAR_Knowl_EarSim_SmallEars_Windowed_NoITD_48kHz.3dti-hrtf.bytes,0,270,56,-86.04879,63.23084,0,1,
12/01/2024 13:09:44,-1,88,TRAINING - KEMAR_Knowl_EarSim_SmallEars_Windowed_NoITD_48kHz.3dti-hrtf.bytes,0,270,56,-95.22383,56.42572,0,2,
12/01/2024 13:09:48,-1,89,TRAINING - KEMAR_Knowl_EarSim_SmallEars_Windowed_NoITD_48kHz.3dti-hrtf.bytes,0,234,32,-94.35269,41.78863,0,0,
12/01/2024 13:09:52,-1,89,TRAINING - KEMAR_Knowl_EarSim_SmallEars_Windowed_NoITD_48kHz.3dti-hrtf.bytes,0,234,32,-125.7007,34.19378,0,1,
12/01/2024 13:09:56,-1,90,TRAINING - KEMAR_Knowl_EarSim_SmallEars_Windowed_NoITD_48kHz.3dti-hrtf.bytes,0,126,-56,129.0669,-54.6965,0,0,
12/01/2024 13:10:01,-1,91,TRAINING - KEMAR_Knowl_EarSim_SmallEars_Windowed_NoITD_48kHz.3dti-hrtf.bytes,0,216,0,-152.2317,31.96637,0,0,
12/01/2024 13:10:05,-1,91,TRAINING - KEMAR_Knowl_EarSim_SmallEars_Windowed_NoITD_48kHz.3dti-hrtf.bytes,0,216,0,-145.017,0.8543211,0,1,
12/01/2024 13:10:08,-1,92,TRAINING - KEMAR_Knowl_EarSim_SmallEars_Windowed_NoITD_48kHz.3dti-hrtf.bytes,0,162,32,121.9872,59.71647,0,0,
12/01/2024 13:10:12,-1,92,TRAINING - KEMAR_Knowl_EarSim_SmallEars_Windowed_NoITD_48kHz.3dti-hrtf.bytes,0,162,32,155.8724,41.79314,0,1,
12/01/2024 13:10:17,-1,92,TRAINING - KEMAR_Knowl_EarSim_SmallEars_Windowed_NoITD_48kHz.3dti-hrtf.bytes,0,162,32,164.4694,25.51371,0,2,
12/01/2024 13:16:52,0,0,P0107_HRIR_SONICOM_Synthetic_Windowed_NoITD_Scaled.3dti-hrtf.bytes,3,0,30,-179.8032,0.530449,0,0,
12/01/2024 13:16:57,0,1,P0107_HRIR_SONICOM_Synthetic_Windowed_NoITD_Scaled.3dti-hrtf.bytes,3,270,60,-122.7904,24.85078,0,0,
12/01/2024 13:17:02,0,2,P0000_HRIR_SONICOM_Measured_Windowed_NoITD_Scaled.3dti-hrtf.bytes,1,270,30,-129.0991,0.5764125,0,0,
12/01/2024 13:17:07,0,3,P0107_HRIR_SONICOM_Measured_Windowed_NoITD_Scaled.3dti-hrtf.bytes,2,45,-30,147.9296,-34.59075,0,0,
12/01/2024 13:17:12,0,4,P0000_HRIR_SONICOM_Measured_Windowed_NoITD_Scaled.3dti-hrtf.bytes,1,225,30,-151.2935,-19.02332,0,0,
12/01/2024 13:17:18,0,5,P0107_HRIR_SONICOM_Measured_Windowed_NoITD_Scaled.3dti-hrtf.bytes,2,0,60,-178.7138,0.174713,0,0,
12/01/2024 13:17:24,0,6,P0107_HRIR_SONICOM_Measured_Windowed_NoITD_Scaled.3dti-hrtf.bytes,2,315,-30,-112.9103,-28.71607,0,0,
12/01/2024 13:17:29,0,7,P0107_HRIR_SONICOM_Measured_Windowed_NoITD_Scaled.3dti-hrtf.bytes,2,270,60,-112.8382,18.90015,0,0,
12/01/2024 13:17:35,0,8,P0107_HRIR_SONICOM_Measured_Windowed_NoITD_Scaled.3dti-hrtf.bytes,2,0,90,177.6926,-25.12479,0,0,
12/01/2024 13:17:40,0,9,P0107_HRIR_SONICOM_Synthetic_Windowed_NoITD_Scaled.3dti-hrtf.bytes,3,90,-30,105.106,-31.11593,0,0,
12/01/2024 13:17:46,0,10,P0000_HRIR_SONICOM_Measured_Windowed_NoITD_Scaled.3dti-hrtf.bytes,1,150,0,149.7657,16.51485,0,0,
12/01/2024 13:17:52,0,11,P0107_HRIR_SONICOM_Measured_Windowed_NoITD_Scaled.3dti-hrtf.bytes,2,45,30,113.8506,13.07706,0,0,
12/01/2024 13:17:59,0,12,P0000_HRIR_SONICOM_Measured_Windowed_NoITD_Scaled.3dti-hrtf.bytes,1,180,0,178.9246,-24.28961,0,0,
12/01/2024 13:18:03,0,13,P0107_HRIR_SONICOM_Synthetic_Windowed_NoITD_Scaled.3dti-hrtf.bytes,3,180,30,-0.5211454,-0.05233916,0,0,
12/01/2024 13:18:07,0,14,P0107_HRIR_SONICOM_Synthetic_Windowed_NoITD_Scaled.3dti-hrtf.bytes,3,270,0,-89.82742,-0.6812752,0,0,
12/01/2024 13:18:11,0,15,P0107_HRIR_SONICOM_Synthetic_Windowed_NoITD_Scaled.3dti-hrtf.bytes,3,0,0,-0.25101,0.4196478,0,0,
12/01/2024 13:18:14,0,16,P0107_HRIR_SONICOM_Synthetic_Windowed_NoITD_Scaled.3dti-hrtf.bytes,3,0,90,-0.09278741,25.81018,0,0,
12/01/2024 13:18:21,0,17,P0107_HRIR_SONICOM_Measured_Windowed_NoITD_Scaled.3dti-hrtf.bytes,2,180,30,-179.2807,-22.47308,0,0,
12/01/2024 13:18:28,0,18,P0107_HRIR_SONICOM_Measured_Windowed_NoITD_Scaled.3dti-hrtf.bytes,2,0,-30,179.5256,-35.01451,0,0,
12/01/2024 13:18:33,0,19,P0000_HRIR_SONICOM_Measured_Windowed_NoITD_Scaled.3dti-hrtf.bytes,1,225,-30,-152.329,-22.18235,0,0,
12/01/2024 13:18:39,0,20,P0107_HRIR_SONICOM_Measured_Windowed_NoITD_Scaled.3dti-hrtf.bytes,2,135,30,95.86088,-12.85991,0,0,
12/01/2024 13:18:44,0,21,P0107_HRIR_SONICOM_Synthetic_Windowed_NoITD_Scaled.3dti-hrtf.bytes,3,330,0,-51.24759,0.9532654,0,0,
12/01/2024 13:18:47,0,22,P0107_HRIR_SONICOM_Measured_Windowed_NoITD_Scaled.3dti-hrtf.bytes,2,270,-30,-90.98895,-30.25666,0,0,
12/01/2024 13:18:52,0,23,P0107_HRIR_SONICOM_Synthetic_Windowed_NoITD_Scaled.3dti-hrtf.bytes,3,315,-30,-121.4647,-16.26334,0,0,
12/01/2024 13:18:57,0,24,P0107_HRIR_SONICOM_Synthetic_Windowed_NoITD_Scaled.3dti-hrtf.bytes,3,135,-30,150.725,-20.39578,0,0,
12/01/2024 13:19:01,0,25,P0000_HRIR_SONICOM_Measured_Windowed_NoITD_Scaled.3dti-hrtf.bytes,1,45,30,136.0156,-7.110085,0,0,
12/01/2024 13:19:05,0,26,P0107_HRIR_SONICOM_Synthetic_Windowed_NoITD_Scaled.3dti-hrtf.bytes,3,90,0,110.1505,1.303863,0,0,
12/01/2024 13:19:11,0,27,P0107_HRIR_SONICOM_Measured_Windowed_NoITD_Scaled.3dti-hrtf.bytes,2,180,60,-23.01571,88.15325,0,0,
12/01/2024 13:19:15,0,28,P0107_HRIR_SONICOM_Measured_Windowed_NoITD_Scaled.3dti-hrtf.bytes,2,0,30,179.9374,57.65563,0,0,
12/01/2024 13:19:20,0,29,P0107_HRIR_SONICOM_Synthetic_Windowed_NoITD_Scaled.3dti-hrtf.bytes,3,60,0,91.91673,-8.715146,0,0,
12/01/2024 13:19:24,0,30,P0107_HRIR_SONICOM_Synthetic_Windowed_NoITD_Scaled.3dti-hrtf.bytes,3,135,30,136.8272,8.346827,0,0,
12/01/2024 13:19:28,0,31,P0107_HRIR_SONICOM_Synthetic_Windowed_NoITD_Scaled.3dti-hrtf.bytes,3,210,0,-151.9524,-11.83959,0,0,
12/01/2024 13:19:33,0,32,P0107_HRIR_SONICOM_Synthetic_Windowed_NoITD_Scaled.3dti-hrtf.bytes,3,30,0,57.35985,-23.77832,0,0,
12/01/2024 13:19:37,0,33,P0000_HRIR_SONICOM_Measured_Windowed_NoITD_Scaled.3dti-hrtf.bytes,1,240,0,-122.4347,-11.72155,0,0,
12/01/2024 13:19:43,0,34,P0000_HRIR_SONICOM_Measured_Windowed_NoITD_Scaled.3dti-hrtf.bytes,1,0,-30,179.3663,-48.31055,0,0,
12/01/2024 13:19:48,0,35,P0107_HRIR_SONICOM_Measured_Windowed_NoITD_Scaled.3dti-hrtf.bytes,2,150,0,157.4133,-6.137182,0,0,
12/01/2024 13:19:53,0,36,P0000_HRIR_SONICOM_Measured_Windowed_NoITD_Scaled.3dti-hrtf.bytes,1,90,0,108.6758,-10.24177,0,0,
12/01/2024 13:19:59,0,37,P0107_HRIR_SONICOM_Measured_Windowed_NoITD_Scaled.3dti-hrtf.bytes,2,315,30,-126.1294,-8.827393,0,0,
12/01/2024 13:20:06,0,38,P0000_HRIR_SONICOM_Measured_Windowed_NoITD_Scaled.3dti-hrtf.bytes,1,180,60,177.7144,31.83499,0,0,
12/01/2024 13:20:12,0,39,P0107_HRIR_SONICOM_Measured_Windowed_NoITD_Scaled.3dti-hrtf.bytes,2,180,0,1.673159,28.15497,0,0,
12/01/2024 13:20:16,0,40,P0000_HRIR_SONICOM_Measured_Windowed_NoITD_Scaled.3dti-hrtf.bytes,1,270,-30,-90.63806,-28.45275,0,0,
12/01/2024 13:20:21,0,41,P0000_HRIR_SONICOM_Measured_Windowed_NoITD_Scaled.3dti-hrtf.bytes,1,180,30,-1.122045,52.47637,0,0,
12/01/2024 13:20:25,0,42,P0000_HRIR_SONICOM_Measured_Windowed_NoITD_Scaled.3dti-hrtf.bytes,1,90,30,89.93005,1.957048,0,0,
12/01/2024 13:20:31,0,43,P0107_HRIR_SONICOM_Synthetic_Windowed_NoITD_Scaled.3dti-hrtf.bytes,3,180,0,164.7001,88.88559,0,0,
12/01/2024 13:20:38,0,44,P0000_HRIR_SONICOM_Measured_Windowed_NoITD_Scaled.3dti-hrtf.bytes,1,0,0,178.0674,37.99982,0,0,
12/01/2024 13:20:42,0,45,P0107_HRIR_SONICOM_Measured_Windowed_NoITD_Scaled.3dti-hrtf.bytes,2,240,0,-97.73764,23.68998,0,0,
12/01/2024 13:20:47,0,46,P0107_HRIR_SONICOM_Measured_Windowed_NoITD_Scaled.3dti-hrtf.bytes,2,30,0,58.67638,-25.89855,0,0,
12/01/2024 13:20:52,0,47,P0107_HRIR_SONICOM_Measured_Windowed_NoITD_Scaled.3dti-hrtf.bytes,2,210,0,-150.303,15.75572,0,0,
12/01/2024 13:20:57,0,48,P0107_HRIR_SONICOM_Measured_Windowed_NoITD_Scaled.3dti-hrtf.bytes,2,120,0,131.5795,-0.1370561,0,0,
12/01/2024 13:21:01,0,49,P0107_HRIR_SONICOM_Synthetic_Windowed_NoITD_Scaled.3dti-hrtf.bytes,3,315,30,-79.96654,40.53941,0,0,
12/01/2024 13:21:05,0,50,P0000_HRIR_SONICOM_Measured_Windowed_NoITD_Scaled.3dti-hrtf.bytes,1,315,30,-139.3979,-18.14495,0,0,
12/01/2024 13:21:09,0,51,P0107_HRIR_SONICOM_Measured_Windowed_NoITD_Scaled.3dti-hrtf.bytes,2,90,0,90.53615,0.2668786,0,0,
12/01/2024 13:21:14,0,52,P0107_HRIR_SONICOM_Synthetic_Windowed_NoITD_Scaled.3dti-hrtf.bytes,3,150,0,170.4895,-1.346103,0,0,
12/01/2024 13:21:19,0,53,P0107_HRIR_SONICOM_Synthetic_Windowed_NoITD_Scaled.3dti-hrtf.bytes,3,0,60,176.39,75.99945,0,0,
12/01/2024 13:21:23,0,54,P0107_HRIR_SONICOM_Measured_Windowed_NoITD_Scaled.3dti-hrtf.bytes,2,225,-30,-137.888,-29.05011,0,0,
12/01/2024 13:21:28,0,55,P0000_HRIR_SONICOM_Measured_Windowed_NoITD_Scaled.3dti-hrtf.bytes,1,90,60,163.363,22.65037,0,0,
12/01/2024 13:21:33,0,56,P0107_HRIR_SONICOM_Measured_Windowed_NoITD_Scaled.3dti-hrtf.bytes,2,225,30,-100.4283,46.46035,0,0,
12/01/2024 13:21:39,0,57,P0107_HRIR_SONICOM_Synthetic_Windowed_NoITD_Scaled.3dti-hrtf.bytes,3,45,-30,75.49904,-20.41155,0,0,
12/01/2024 13:21:43,0,58,P0107_HRIR_SONICOM_Synthetic_Windowed_NoITD_Scaled.3dti-hrtf.bytes,3,225,-30,-146.1603,-23.23032,0,0,
12/01/2024 13:21:47,0,59,P0107_HRIR_SONICOM_Measured_Windowed_NoITD_Scaled.3dti-hrtf.bytes,2,270,30,-89.36759,15.41861,0,0,
12/01/2024 13:21:54,0,60,P0000_HRIR_SONICOM_Measured_Windowed_NoITD_Scaled.3dti-hrtf.bytes,1,0,30,179.7195,-18.46534,0,0,
12/01/2024 13:21:59,0,61,P0107_HRIR_SONICOM_Synthetic_Windowed_NoITD_Scaled.3dti-hrtf.bytes,3,90,60,100.7594,40.08408,0,0,
12/01/2024 13:22:03,0,62,P0107_HRIR_SONICOM_Synthetic_Windowed_NoITD_Scaled.3dti-hrtf.bytes,3,225,30,-101.2613,50.63926,0,0,
12/01/2024 13:22:08,0,63,P0107_HRIR_SONICOM_Measured_Windowed_NoITD_Scaled.3dti-hrtf.bytes,2,300,0,-87.31652,-11.6376,0,0,
12/01/2024 13:22:13,0,64,P0000_HRIR_SONICOM_Measured_Windowed_NoITD_Scaled.3dti-hrtf.bytes,1,30,0,135.7927,18.99181,0,0,
12/01/2024 13:22:18,0,65,P0107_HRIR_SONICOM_Measured_Windowed_NoITD_Scaled.3dti-hrtf.bytes,2,90,30,95.07804,39.96044,0,0,
12/01/2024 13:22:23,0,66,P0107_HRIR_SONICOM_Synthetic_Windowed_NoITD_Scaled.3dti-hrtf.bytes,3,90,30,92.6582,5.837914,0,0,
12/01/2024 13:22:27,0,67,P0107_HRIR_SONICOM_Measured_Windowed_NoITD_Scaled.3dti-hrtf.bytes,2,135,-30,129.9428,-34.96863,0,0,
12/01/2024 13:22:32,0,68,P0000_HRIR_SONICOM_Measured_Windowed_NoITD_Scaled.3dti-hrtf.bytes,1,0,60,-178.7207,6.566174,0,0,
12/01/2024 13:22:37,0,69,P0000_HRIR_SONICOM_Measured_Windowed_NoITD_Scaled.3dti-hrtf.bytes,1,315,-30,-149.6488,-22.47853,0,0,
12/01/2024 13:22:41,0,70,P0107_HRIR_SONICOM_Synthetic_Windowed_NoITD_Scaled.3dti-hrtf.bytes,3,45,30,91.26302,39.63496,0,0,
12/01/2024 13:22:45,0,71,P0107_HRIR_SONICOM_Measured_Windowed_NoITD_Scaled.3dti-hrtf.bytes,2,270,0,-93.95463,19.00246,0,0,
12/01/2024 13:22:49,0,72,P0107_HRIR_SONICOM_Synthetic_Windowed_NoITD_Scaled.3dti-hrtf.bytes,3,270,30,-90.36225,35.28299,0,0,
12/01/2024 13:22:53,0,73,P0107_HRIR_SONICOM_Synthetic_Windowed_NoITD_Scaled.3dti-hrtf.bytes,3,240,0,-115.2394,1.139695,0,0,
12/01/2024 13:22:57,0,74,P0000_HRIR_SONICOM_Measured_Windowed_NoITD_Scaled.3dti-hrtf.bytes,1,180,-30,-178.7452,-29.88367,0,0,
12/01/2024 13:23:03,0,75,P0000_HRIR_SONICOM_Measured_Windowed_NoITD_Scaled.3dti-hrtf.bytes,1,210,0,-136.7894,-14.36053,0,0,
12/01/2024 13:23:12,0,76,P0000_HRIR_SONICOM_Measured_Windowed_NoITD_Scaled.3dti-hrtf.bytes,1,90,-30,89.22687,-37.17932,0,0,
12/01/2024 13:23:16,0,77,P0107_HRIR_SONICOM_Synthetic_Windowed_NoITD_Scaled.3dti-hrtf.bytes,3,0,-30,-0.8098756,-0.2112177,0,0,
12/01/2024 13:23:20,0,78,P0000_HRIR_SONICOM_Measured_Windowed_NoITD_Scaled.3dti-hrtf.bytes,1,60,0,109.9888,0,0,0,
12/01/2024 13:23:25,0,79,P0107_HRIR_SONICOM_Synthetic_Windowed_NoITD_Scaled.3dti-hrtf.bytes,3,180,60,179.4152,40.39811,0,0,
12/01/2024 13:23:31,0,80,P0000_HRIR_SONICOM_Measured_Windowed_NoITD_Scaled.3dti-hrtf.bytes,1,120,0,114.3354,-14.8765,0,0,
12/01/2024 13:23:36,0,81,P0000_HRIR_SONICOM_Measured_Windowed_NoITD_Scaled.3dti-hrtf.bytes,1,330,0,-160.8657,-10.47337,0,0,
12/01/2024 13:23:40,0,82,P0107_HRIR_SONICOM_Synthetic_Windowed_NoITD_Scaled.3dti-hrtf.bytes,3,300,0,-88.2776,0.1065312,0,0,
12/01/2024 13:23:45,0,83,P0107_HRIR_SONICOM_Measured_Windowed_NoITD_Scaled.3dti-hrtf.bytes,2,90,60,157.4042,38.63454,0,0,
12/01/2024 13:23:49,0,84,P0000_HRIR_SONICOM_Measured_Windowed_NoITD_Scaled.3dti-hrtf.bytes,1,270,60,-147.8518,-3.584957,0,0,
12/01/2024 13:23:54,0,85,P0107_HRIR_SONICOM_Measured_Windowed_NoITD_Scaled.3dti-hrtf.bytes,2,60,0,76.11115,25.3259,0,0,
12/01/2024 13:23:59,0,86,P0000_HRIR_SONICOM_Measured_Windowed_NoITD_Scaled.3dti-hrtf.bytes,1,135,30,126.7226,-8.457237,0,0,
12/01/2024 13:24:04,0,87,P0000_HRIR_SONICOM_Measured_Windowed_NoITD_Scaled.3dti-hrtf.bytes,1,0,90,179.7824,-1.174365,0,0,
12/01/2024 13:24:08,0,88,P0107_HRIR_SONICOM_Measured_Windowed_NoITD_Scaled.3dti-hrtf.bytes,2,90,-30,106.778,-31.78571,0,0,
12/01/2024 13:24:12,0,89,P0107_HRIR_SONICOM_Synthetic_Windowed_NoITD_Scaled.3dti-hrtf.bytes,3,270,-30,-91.0023,-25.67107,0,0,
12/01/2024 13:24:16,0,90,P0107_HRIR_SONICOM_Synthetic_Windowed_NoITD_Scaled.3dti-hrtf.bytes,3,120,0,120.9412,11.9541,0,0,
12/01/2024 13:24:20,0,91,P0000_HRIR_SONICOM_Measured_Windowed_NoITD_Scaled.3dti-hrtf.bytes,1,270,0,-89.29053,-0.8520276,0,0,
12/01/2024 13:24:24,0,92,P0000_HRIR_SONICOM_Measured_Windowed_NoITD_Scaled.3dti-hrtf.bytes,1,45,-30,160.3202,-25.56957,0,0,
12/01/2024 13:24:28,0,93,P0107_HRIR_SONICOM_Measured_Windowed_NoITD_Scaled.3dti-hrtf.bytes,2,330,0,-31.88478,0.03956468,0,0,
12/01/2024 13:24:32,0,94,P0000_HRIR_SONICOM_Measured_Windowed_NoITD_Scaled.3dti-hrtf.bytes,1,135,-30,139.7847,-48.63546,0,0,
12/01/2024 13:24:37,0,95,P0000_HRIR_SONICOM_Measured_Windowed_NoITD_Scaled.3dti-hrtf.bytes,1,300,0,-100.7341,1.563104,0,0,
12/01/2024 13:24:42,0,96,P0107_HRIR_SONICOM_Synthetic_Windowed_NoITD_Scaled.3dti-hrtf.bytes,3,180,-30,-179.5003,-14.43158,0,0,
12/01/2024 13:24:47,0,97,P0107_HRIR_SONICOM_Measured_Windowed_NoITD_Scaled.3dti-hrtf.bytes,2,180,-30,176.9641,-54.93342,0,0,
12/01/2024 13:24:52,0,98,P0107_HRIR_SONICOM_Measured_Windowed_NoITD_Scaled.3dti-hrtf.bytes,2,0,0,-0.1791368,-18.89678,0,0,
12/01/2024 13:26:22,1,0,P0107_HRIR_SONICOM_Synthetic_Windowed_NoITD_Scaled.3dti-hrtf.bytes,3,90,0,91.19869,-0.3454843,0,0,
12/01/2024 13:26:27,1,1,P0000_HRIR_SONICOM_Measured_Windowed_NoITD_Scaled.3dti-hrtf.bytes,1,0,90,179.0842,18.78356,0,0,
12/01/2024 13:26:32,1,2,P0107_HRIR_SONICOM_Measured_Windowed_NoITD_Scaled.3dti-hrtf.bytes,2,90,60,143.9143,27.60657,0,0,
12/01/2024 13:26:38,1,3,P0000_HRIR_SONICOM_Measured_Windowed_NoITD_Scaled.3dti-hrtf.bytes,1,0,30,-178.9259,-18.36293,0,0,
12/01/2024 13:26:42,1,4,P0000_HRIR_SONICOM_Measured_Windowed_NoITD_Scaled.3dti-hrtf.bytes,1,270,-30,-93.84339,-46.69299,0,0,
12/01/2024 13:26:47,1,5,P0107_HRIR_SONICOM_Synthetic_Windowed_NoITD_Scaled.3dti-hrtf.bytes,3,0,-30,-0.4073442,0.7942618,0,0,
12/01/2024 13:26:50,1,6,P0107_HRIR_SONICOM_Measured_Windowed_NoITD_Scaled.3dti-hrtf.bytes,2,0,0,-0.6029587,-19.64296,0,0,
12/01/2024 13:26:54,1,7,P0000_HRIR_SONICOM_Measured_Windowed_NoITD_Scaled.3dti-hrtf.bytes,1,0,-30,-178.5201,-37.73383,0,0,
12/01/2024 13:26:59,1,8,P0000_HRIR_SONICOM_Measured_Windowed_NoITD_Scaled.3dti-hrtf.bytes,1,210,0,-152.5982,-12.97815,0,0,
12/01/2024 13:27:04,1,9,P0000_HRIR_SONICOM_Measured_Windowed_NoITD_Scaled.3dti-hrtf.bytes,1,180,60,177.1808,50.74753,0,0,
12/01/2024 13:27:09,1,10,P0107_HRIR_SONICOM_Measured_Windowed_NoITD_Scaled.3dti-hrtf.bytes,2,270,60,-103.5409,54.11985,0,0,
12/01/2024 13:27:14,1,11,P0107_HRIR_SONICOM_Synthetic_Windowed_NoITD_Scaled.3dti-hrtf.bytes,3,90,-30,94.64541,-30.09615,0,0,
12/01/2024 13:27:17,1,12,P0107_HRIR_SONICOM_Synthetic_Windowed_NoITD_Scaled.3dti-hrtf.bytes,3,315,30,-81.35587,41.26283,0,0,
12/01/2024 13:27:21,1,13,P0000_HRIR_SONICOM_Measured_Windowed_NoITD_Scaled.3dti-hrtf.bytes,1,150,0,159.5559,-2.928707,0,0,
12/01/2024 13:27:25,1,14,P0107_HRIR_SONICOM_Measured_Windowed_NoITD_Scaled.3dti-hrtf.bytes,2,210,0,-152.7291,-1.543196,0,0,
12/01/2024 13:27:31,1,15,P0107_HRIR_SONICOM_Synthetic_Windowed_NoITD_Scaled.3dti-hrtf.bytes,3,180,0,-178.4821,32.0687,0,0,
12/01/2024 13:27:35,1,16,P0107_HRIR_SONICOM_Measured_Windowed_NoITD_Scaled.3dti-hrtf.bytes,2,0,60,-179.8242,42.31558,0,0,
12/01/2024 13:27:39,1,17,P0107_HRIR_SONICOM_Measured_Windowed_NoITD_Scaled.3dti-hrtf.bytes,2,240,0,-104.5393,-1.982582,0,0,
12/01/2024 13:27:44,1,18,P0107_HRIR_SONICOM_Measured_Windowed_NoITD_Scaled.3dti-hrtf.bytes,2,180,0,-178.6603,-12.65884,0,0,
12/01/2024 13:27:48,1,19,P0107_HRIR_SONICOM_Measured_Windowed_NoITD_Scaled.3dti-hrtf.bytes,2,90,-30,100.9327,-31.68324,0,0,
12/01/2024 13:27:53,1,20,P0000_HRIR_SONICOM_Measured_Windowed_NoITD_Scaled.3dti-hrtf.bytes,1,135,30,147.6044,19.09217,0,0,
12/01/2024 13:27:57,1,21,P0107_HRIR_SONICOM_Synthetic_Windowed_NoITD_Scaled.3dti-hrtf.bytes,3,270,60,-135.8209,56.81128,0,0,
12/01/2024 13:28:01,1,22,P0000_HRIR_SONICOM_Measured_Windowed_NoITD_Scaled.3dti-hrtf.bytes,1,300,0,-109.5917,13.05433,0,0,
12/01/2024 13:28:08,1,23,P0000_HRIR_SONICOM_Measured_Windowed_NoITD_Scaled.3dti-hrtf.bytes,1,0,0,149.2108,87.82758,0,0,
12/01/2024 13:28:13,1,24,P0107_HRIR_SONICOM_Measured_Windowed_NoITD_Scaled.3dti-hrtf.bytes,2,180,30,-1.314029,1.76536,0,0,
12/01/2024 13:28:17,1,25,P0107_HRIR_SONICOM_Synthetic_Windowed_NoITD_Scaled.3dti-hrtf.bytes,3,120,0,127.6103,26.29991,0,0,
12/01/2024 13:28:21,1,26,P0107_HRIR_SONICOM_Measured_Windowed_NoITD_Scaled.3dti-hrtf.bytes,2,90,30,92.38641,34.46463,0,0,
12/01/2024 13:28:26,1,27,P0107_HRIR_SONICOM_Measured_Windowed_NoITD_Scaled.3dti-hrtf.bytes,2,0,30,-177.8316,0.2373883,0,0,
12/01/2024 13:28:30,1,28,P0107_HRIR_SONICOM_Measured_Windowed_NoITD_Scaled.3dti-hrtf.bytes,2,225,-30,-142.2804,-29.50898,0,0,
12/01/2024 13:28:34,1,29,P0000_HRIR_SONICOM_Measured_Windowed_NoITD_Scaled.3dti-hrtf.bytes,1,120,0,107.0416,-18.82233,0,0,
12/01/2024 13:28:38,1,30,P0000_HRIR_SONICOM_Measured_Windowed_NoITD_Scaled.3dti-hrtf.bytes,1,240,0,-118.6579,-15.98014,0,0,
12/01/2024 13:28:43,1,31,P0107_HRIR_SONICOM_Synthetic_Windowed_NoITD_Scaled.3dti-hrtf.bytes,3,225,30,-123.7785,29.6848,0,0,
12/01/2024 13:28:48,1,32,P0107_HRIR_SONICOM_Synthetic_Windowed_NoITD_Scaled.3dti-hrtf.bytes,3,210,0,-156.552,16.88427,0,0,
12/01/2024 13:28:52,1,33,P0107_HRIR_SONICOM_Measured_Windowed_NoITD_Scaled.3dti-hrtf.bytes,2,120,0,116.9492,-6.892929,0,0,
12/01/2024 13:28:57,1,34,P0000_HRIR_SONICOM_Measured_Windowed_NoITD_Scaled.3dti-hrtf.bytes,1,315,-30,-155.5561,-21.68355,0,0,
12/01/2024 13:29:02,1,35,P0107_HRIR_SONICOM_Synthetic_Windowed_NoITD_Scaled.3dti-hrtf.bytes,3,0,90,-134.6767,88.05804,0,0,
12/01/2024 13:29:06,1,36,P0000_HRIR_SONICOM_Measured_Windowed_NoITD_Scaled.3dti-hrtf.bytes,1,90,0,90.70793,0.2804634,0,0,
12/01/2024 13:29:10,1,37,P0000_HRIR_SONICOM_Measured_Windowed_NoITD_Scaled.3dti-hrtf.bytes,1,180,0,-179.2464,-15.99974,0,0,
12/01/2024 13:29:15,1,38,P0000_HRIR_SONICOM_Measured_Windowed_NoITD_Scaled.3dti-hrtf.bytes,1,330,0,-149.8686,-15.20257,0,0,
12/01/2024 13:29:19,1,39,P0107_HRIR_SONICOM_Measured_Windowed_NoITD_Scaled.3dti-hrtf.bytes,2,135,-30,150.8224,-36.56549,0,0,
12/01/2024 13:29:24,1,40,P0000_HRIR_SONICOM_Measured_Windowed_NoITD_Scaled.3dti-hrtf.bytes,1,90,60,143.7202,-1.026982,0,0,
12/01/2024 13:30:02,1,41,P0000_HRIR_SONICOM_Measured_Windowed_NoITD_Scaled.3dti-hrtf.bytes,1,30,0,140.8275,16.91669,0,0,
12/01/2024 13:30:07,1,42,P0107_HRIR_SONICOM_Synthetic_Windowed_NoITD_Scaled.3dti-hrtf.bytes,3,45,-30,91.47968,29.24825,0,0,
12/01/2024 13:30:13,1,43,P0107_HRIR_SONICOM_Measured_Windowed_NoITD_Scaled.3dti-hrtf.bytes,2,150,0,164.2066,33.19722,0,0,
12/01/2024 13:30:18,1,44,P0107_HRIR_SONICOM_Synthetic_Windowed_NoITD_Scaled.3dti-hrtf.bytes,3,180,-30,174.3495,64.82271,0,0,
12/01/2024 13:30:23,1,45,P0107_HRIR_SONICOM_Synthetic_Windowed_NoITD_Scaled.3dti-hrtf.bytes,3,0,60,42.44407,88.15314,0,0,
12/01/2024 13:30:28,1,46,P0107_HRIR_SONICOM_Measured_Windowed_NoITD_Scaled.3dti-hrtf.bytes,2,180,-30,-178.744,-40.84377,0,0,
12/01/2024 13:30:33,1,47,P0107_HRIR_SONICOM_Synthetic_Windowed_NoITD_Scaled.3dti-hrtf.bytes,3,90,60,92.71993,25.05118,0,0,
12/01/2024 13:30:36,1,48,P0107_HRIR_SONICOM_Synthetic_Windowed_NoITD_Scaled.3dti-hrtf.bytes,3,0,0,-0.5428462,0.7656615,0,0,
12/01/2024 13:30:40,1,49,P0000_HRIR_SONICOM_Measured_Windowed_NoITD_Scaled.3dti-hrtf.bytes,1,180,-30,179.8468,-32.25957,0,0,
12/01/2024 13:30:44,1,50,P0107_HRIR_SONICOM_Measured_Windowed_NoITD_Scaled.3dti-hrtf.bytes,2,300,0,-89.74004,0.09065409,0,0,
12/01/2024 13:30:48,1,51,P0107_HRIR_SONICOM_Synthetic_Windowed_NoITD_Scaled.3dti-hrtf.bytes,3,90,30,90.8419,21.68334,0,0,
12/01/2024 13:30:52,1,52,P0107_HRIR_SONICOM_Synthetic_Windowed_NoITD_Scaled.3dti-hrtf.bytes,3,45,30,79.81512,3.052104,0,0,
12/01/2024 13:30:56,1,53,P0107_HRIR_SONICOM_Measured_Windowed_NoITD_Scaled.3dti-hrtf.bytes,2,60,0,91.38583,8.480147,0,0,
12/01/2024 13:31:00,1,54,P0000_HRIR_SONICOM_Measured_Windowed_NoITD_Scaled.3dti-hrtf.bytes,1,270,60,-158.1629,-19.11608,0,0,
12/01/2024 13:31:04,1,55,P0107_HRIR_SONICOM_Measured_Windowed_NoITD_Scaled.3dti-hrtf.bytes,2,45,-30,89.87063,-37.36946,0,0,
12/01/2024 13:31:08,1,56,P0107_HRIR_SONICOM_Measured_Windowed_NoITD_Scaled.3dti-hrtf.bytes,2,270,-30,-108.4002,-31.36823,0,0,
12/01/2024 13:31:13,1,57,P0107_HRIR_SONICOM_Synthetic_Windowed_NoITD_Scaled.3dti-hrtf.bytes,3,315,-30,-159.6674,11.16581,0,0,
12/01/2024 13:31:18,1,58,P0107_HRIR_SONICOM_Synthetic_Windowed_NoITD_Scaled.3dti-hrtf.bytes,3,60,0,90.26955,-0.2947506,0,0,
12/01/2024 13:31:23,1,59,P0000_HRIR_SONICOM_Measured_Windowed_NoITD_Scaled.3dti-hrtf.bytes,1,0,60,178.003,23.48394,0,0,
12/01/2024 13:31:28,1,60,P0000_HRIR_SONICOM_Measured_Windowed_NoITD_Scaled.3dti-hrtf.bytes,1,45,30,129.4223,40.03672,0,0,
12/01/2024 13:31:34,1,61,P0107_HRIR_SONICOM_Measured_Windowed_NoITD_Scaled.3dti-hrtf.bytes,2,0,90,-3.37661,71.01571,0,0,
12/01/2024 13:31:38,1,62,P0107_HRIR_SONICOM_Synthetic_Windowed_NoITD_Scaled.3dti-hrtf.bytes,3,135,-30,152.1172,-2.03134,0,0,
12/01/2024 13:31:43,1,63,P0000_HRIR_SONICOM_Measured_Windowed_NoITD_Scaled.3dti-hrtf.bytes,1,180,30,2.606393,59.00786,0,0,
12/01/2024 13:31:47,1,64,P0107_HRIR_SONICOM_Measured_Windowed_NoITD_Scaled.3dti-hrtf.bytes,2,135,30,95.95273,46.44794,0,0,
12/01/2024 13:31:51,1,65,P0107_HRIR_SONICOM_Measured_Windowed_NoITD_Scaled.3dti-hrtf.bytes,2,330,0,-29.36808,20.2341,0,0,
12/01/2024 13:31:55,1,66,P0107_HRIR_SONICOM_Synthetic_Windowed_NoITD_Scaled.3dti-hrtf.bytes,3,270,0,-92.29564,2.828401,0,0,
12/01/2024 13:31:59,1,67,P0000_HRIR_SONICOM_Measured_Windowed_NoITD_Scaled.3dti-hrtf.bytes,1,90,-30,92.84212,-29.44042,0,0,
12/01/2024 13:32:03,1,68,P0107_HRIR_SONICOM_Synthetic_Windowed_NoITD_Scaled.3dti-hrtf.bytes,3,240,0,-111.8939,19.76435,0,0,
12/01/2024 13:32:08,1,69,P0107_HRIR_SONICOM_Measured_Windowed_NoITD_Scaled.3dti-hrtf.bytes,2,270,30,-94.98353,50.89138,0,0,
12/01/2024 13:32:11,1,70,P0107_HRIR_SONICOM_Measured_Windowed_NoITD_Scaled.3dti-hrtf.bytes,2,90,0,92.43577,0.3881583,0,0,
12/01/2024 13:32:15,1,71,P0107_HRIR_SONICOM_Measured_Windowed_NoITD_Scaled.3dti-hrtf.bytes,2,30,0,30.9546,1.336473,0,0,
12/01/2024 13:32:18,1,72,P0000_HRIR_SONICOM_Measured_Windowed_NoITD_Scaled.3dti-hrtf.bytes,1,270,0,-95.115,2.696677,0,0,
12/01/2024 13:32:22,1,73,P0000_HRIR_SONICOM_Measured_Windowed_NoITD_Scaled.3dti-hrtf.bytes,1,225,-30,-154.4094,-30.98539,0,0,
12/01/2024 13:32:26,1,74,P0107_HRIR_SONICOM_Synthetic_Windowed_NoITD_Scaled.3dti-hrtf.bytes,3,270,30,-92.02736,34.9254,0,0,
12/01/2024 13:32:31,1,75,P0107_HRIR_SONICOM_Synthetic_Windowed_NoITD_Scaled.3dti-hrtf.bytes,3,180,60,25.61903,89.09049,0,0,
12/01/2024 13:32:35,1,76,P0107_HRIR_SONICOM_Synthetic_Windowed_NoITD_Scaled.3dti-hrtf.bytes,3,135,30,93.06427,27.74791,0,0,
12/01/2024 13:32:38,1,77,P0000_HRIR_SONICOM_Measured_Windowed_NoITD_Scaled.3dti-hrtf.bytes,1,270,30,-103.4145,29.00664,0,0,
12/01/2024 13:32:43,1,78,P0107_HRIR_SONICOM_Synthetic_Windowed_NoITD_Scaled.3dti-hrtf.bytes,3,225,-30,-163.8738,-3.481497,0,0,
12/01/2024 13:32:48,1,79,P0107_HRIR_SONICOM_Measured_Windowed_NoITD_Scaled.3dti-hrtf.bytes,2,315,-30,-155.2377,-42.39037,0,0,
12/01/2024 13:32:52,1,80,P0000_HRIR_SONICOM_Measured_Windowed_NoITD_Scaled.3dti-hrtf.bytes,1,135,-30,132.1209,-48.51003,0,0,
12/01/2024 13:32:57,1,81,P0000_HRIR_SONICOM_Measured_Windowed_NoITD_Scaled.3dti-hrtf.bytes,1,225,30,-152.4353,-0.2668786,0,0,
12/01/2024 13:33:01,1,82,P0107_HRIR_SONICOM_Measured_Windowed_NoITD_Scaled.3dti-hrtf.bytes,2,0,-30,0.2130625,-32.67829,0,0,
12/01/2024 13:33:04,1,83,P0107_HRIR_SONICOM_Synthetic_Windowed_NoITD_Scaled.3dti-hrtf.bytes,3,330,0,-32.95964,0.4191812,0,0,
12/01/2024 13:33:08,1,84,P0107_HRIR_SONICOM_Measured_Windowed_NoITD_Scaled.3dti-hrtf.bytes,2,180,60,179.7736,0.7800927,0,0,
12/01/2024 13:33:12,1,85,P0000_HRIR_SONICOM_Measured_Windowed_NoITD_Scaled.3dti-hrtf.bytes,1,45,-30,137.3585,-27.53369,0,0,
12/01/2024 13:33:17,1,86,P0000_HRIR_SONICOM_Measured_Windowed_NoITD_Scaled.3dti-hrtf.bytes,1,90,30,106.8365,1.877948,0,0,
12/01/2024 13:33:21,1,87,P0107_HRIR_SONICOM_Measured_Windowed_NoITD_Scaled.3dti-hrtf.bytes,2,270,0,-93.83598,-23.41391,0,0,
12/01/2024 13:33:26,1,88,P0107_HRIR_SONICOM_Synthetic_Windowed_NoITD_Scaled.3dti-hrtf.bytes,3,270,-30,-125.9647,-33.41017,0,0,
12/01/2024 13:33:30,1,89,P0107_HRIR_SONICOM_Synthetic_Windowed_NoITD_Scaled.3dti-hrtf.bytes,3,30,0,43.35087,0.8726766,0,0,
12/01/2024 13:33:34,1,90,P0107_HRIR_SONICOM_Measured_Windowed_NoITD_Scaled.3dti-hrtf.bytes,2,225,30,-130.5657,18.37083,0,0,
12/01/2024 13:33:39,1,91,P0107_HRIR_SONICOM_Synthetic_Windowed_NoITD_Scaled.3dti-hrtf.bytes,3,180,30,179.4692,32.66202,0,0,
12/01/2024 13:33:43,1,92,P0107_HRIR_SONICOM_Measured_Windowed_NoITD_Scaled.3dti-hrtf.bytes,2,45,30,93.60446,33.30139,0,0,
12/01/2024 13:33:47,1,93,P0000_HRIR_SONICOM_Measured_Windowed_NoITD_Scaled.3dti-hrtf.bytes,1,60,0,100.0177,-9.878365,0,0,
12/01/2024 13:33:52,1,94,P0107_HRIR_SONICOM_Measured_Windowed_NoITD_Scaled.3dti-hrtf.bytes,2,315,30,-102.5955,18.97126,0,0,
12/01/2024 13:33:57,1,95,P0107_HRIR_SONICOM_Synthetic_Windowed_NoITD_Scaled.3dti-hrtf.bytes,3,150,0,160.3018,18.88003,0,0,
12/01/2024 13:34:02,1,96,P0107_HRIR_SONICOM_Synthetic_Windowed_NoITD_Scaled.3dti-hrtf.bytes,3,300,0,-90.49352,-1.930365,0,0,
12/01/2024 13:34:06,1,97,P0000_HRIR_SONICOM_Measured_Windowed_NoITD_Scaled.3dti-hrtf.bytes,1,315,30,-134.699,-20.12463,0,0,
12/01/2024 13:34:11,1,98,P0107_HRIR_SONICOM_Synthetic_Windowed_NoITD_Scaled.3dti-hrtf.bytes,3,0,30,-1.528543,52.37567,0,0,
12/01/2024 13:34:59,2,0,P0000_HRIR_SONICOM_Measured_Windowed_NoITD_Scaled.3dti-hrtf.bytes,1,0,0,-179.6439,-12.72447,0,0,
12/01/2024 13:35:31,2,1,P0107_HRIR_SONICOM_Measured_Windowed_NoITD_Scaled.3dti-hrtf.bytes,2,330,0,-151.7108,-0.4788812,0,0,
12/01/2024 13:35:36,2,2,P0107_HRIR_SONICOM_Measured_Windowed_NoITD_Scaled.3dti-hrtf.bytes,2,135,30,144.6587,20.60099,0,0,
12/01/2024 13:35:40,2,3,P0000_HRIR_SONICOM_Measured_Windowed_NoITD_Scaled.3dti-hrtf.bytes,1,180,-30,176.0719,-25.74185,0,0,
12/01/2024 13:35:44,2,4,P0000_HRIR_SONICOM_Measured_Windowed_NoITD_Scaled.3dti-hrtf.bytes,1,330,0,-127.3939,-24.23438,0,0,
12/01/2024 13:35:48,2,5,P0107_HRIR_SONICOM_Synthetic_Windowed_NoITD_Scaled.3dti-hrtf.bytes,3,90,60,100.0046,40.58293,0,0,
12/01/2024 13:35:52,2,6,P0107_HRIR_SONICOM_Synthetic_Windowed_NoITD_Scaled.3dti-hrtf.bytes,3,150,0,140.9994,-17.97807,0,0,
12/01/2024 13:35:56,2,7,P0107_HRIR_SONICOM_Measured_Windowed_NoITD_Scaled.3dti-hrtf.bytes,2,30,0,62.76337,0.8800449,0,0,
12/01/2024 13:36:00,2,8,P0000_HRIR_SONICOM_Measured_Windowed_NoITD_Scaled.3dti-hrtf.bytes,1,60,0,115.5062,-20.13246,0,0,
12/01/2024 13:36:04,2,9,P0107_HRIR_SONICOM_Measured_Windowed_NoITD_Scaled.3dti-hrtf.bytes,2,0,90,177.601,56.77175,0,0,
12/01/2024 13:36:08,2,10,P0107_HRIR_SONICOM_Measured_Windowed_NoITD_Scaled.3dti-hrtf.bytes,2,0,0,0.04423466,0.02797646,0,0,
12/01/2024 13:36:11,2,11,P0107_HRIR_SONICOM_Measured_Windowed_NoITD_Scaled.3dti-hrtf.bytes,2,180,30,6.392705,44.37292,0,0,
12/01/2024 13:36:15,2,12,P0107_HRIR_SONICOM_Synthetic_Windowed_NoITD_Scaled.3dti-hrtf.bytes,3,30,0,71.48138,15.56814,0,0,
12/01/2024 13:36:19,2,13,P0000_HRIR_SONICOM_Measured_Windowed_NoITD_Scaled.3dti-hrtf.bytes,1,270,0,-96.75594,-14.76781,0,0,
12/01/2024 13:36:23,2,14,P0107_HRIR_SONICOM_Measured_Windowed_NoITD_Scaled.3dti-hrtf.bytes,2,150,0,149.1039,-32.12821,0,0,
12/01/2024 13:36:27,2,15,P0107_HRIR_SONICOM_Measured_Windowed_NoITD_Scaled.3dti-hrtf.bytes,2,270,60,-96.6979,38.95777,0,0,
12/01/2024 13:36:31,2,16,P0107_HRIR_SONICOM_Measured_Windowed_NoITD_Scaled.3dti-hrtf.bytes,2,180,0,-178.9226,-5.636108,0,0,
12/01/2024 13:36:36,2,17,P0000_HRIR_SONICOM_Measured_Windowed_NoITD_Scaled.3dti-hrtf.bytes,1,180,60,172.1496,88.5528,0,0,
12/01/2024 13:36:40,2,18,P0000_HRIR_SONICOM_Measured_Windowed_NoITD_Scaled.3dti-hrtf.bytes,1,135,30,128.4399,-1.703758,0,0,
12/01/2024 13:36:44,2,19,P0000_HRIR_SONICOM_Measured_Windowed_NoITD_Scaled.3dti-hrtf.bytes,1,315,30,-138.5991,-18.28383,0,0,
12/01/2024 13:36:48,2,20,P0000_HRIR_SONICOM_Measured_Windowed_NoITD_Scaled.3dti-hrtf.bytes,1,225,30,-131.4267,-1.483189,0,0,
12/01/2024 13:36:52,2,21,P0107_HRIR_SONICOM_Synthetic_Windowed_NoITD_Scaled.3dti-hrtf.bytes,3,45,-30,74.48869,-0.07912937,0,0,
12/01/2024 13:36:56,2,22,P0107_HRIR_SONICOM_Measured_Windowed_NoITD_Scaled.3dti-hrtf.bytes,2,45,30,91.46173,20.27902,0,0,
12/01/2024 13:37:00,2,23,P0107_HRIR_SONICOM_Measured_Windowed_NoITD_Scaled.3dti-hrtf.bytes,2,180,60,-2.154496,80.40027,0,0,
12/01/2024 13:37:03,2,24,P0107_HRIR_SONICOM_Synthetic_Windowed_NoITD_Scaled.3dti-hrtf.bytes,3,330,0,-48.15821,23.25112,0,0,
12/01/2024 13:37:08,2,25,P0107_HRIR_SONICOM_Synthetic_Windowed_NoITD_Scaled.3dti-hrtf.bytes,3,90,0,112.847,0.07912937,0,0,
12/01/2024 13:37:13,2,26,P0107_HRIR_SONICOM_Synthetic_Windowed_NoITD_Scaled.3dti-hrtf.bytes,3,300,0,-74.86764,-0.2255535,0,0,
12/01/2024 13:37:17,2,27,P0000_HRIR_SONICOM_Measured_Windowed_NoITD_Scaled.3dti-hrtf.bytes,1,270,30,-99.09056,37.57338,0,0,
12/01/2024 13:37:22,2,28,P0000_HRIR_SONICOM_Measured_Windowed_NoITD_Scaled.3dti-hrtf.bytes,1,180,0,179.4883,26.92738,0,0,
12/01/2024 13:37:27,2,29,P0107_HRIR_SONICOM_Synthetic_Windowed_NoITD_Scaled.3dti-hrtf.bytes,3,270,60,-84.27429,65.11858,0,0,
12/01/2024 13:37:31,2,30,P0000_HRIR_SONICOM_Measured_Windowed_NoITD_Scaled.3dti-hrtf.bytes,1,45,-30,123.8232,-39.8524,0,0,
12/01/2024 13:37:36,2,31,P0000_HRIR_SONICOM_Measured_Windowed_NoITD_Scaled.3dti-hrtf.bytes,1,90,-30,94.29115,-42.05575,0,0,
12/01/2024 13:37:39,2,32,P0107_HRIR_SONICOM_Synthetic_Windowed_NoITD_Scaled.3dti-hrtf.bytes,3,90,-30,93.88009,-26.20425,0,0,
12/01/2024 13:37:43,2,33,P0107_HRIR_SONICOM_Measured_Windowed_NoITD_Scaled.3dti-hrtf.bytes,2,135,-30,145.4254,-30.6944,0,0,
12/01/2024 13:37:47,2,34,P0000_HRIR_SONICOM_Measured_Windowed_NoITD_Scaled.3dti-hrtf.bytes,1,300,0,-97.96278,12.51123,0,0,
12/01/2024 13:37:52,2,35,P0107_HRIR_SONICOM_Measured_Windowed_NoITD_Scaled.3dti-hrtf.bytes,2,180,-30,178.523,-18.79251,0,0,
12/01/2024 13:37:56,2,36,P0107_HRIR_SONICOM_Measured_Windowed_NoITD_Scaled.3dti-hrtf.bytes,2,225,-30,-135.5705,-22.8354,0,0,
12/01/2024 13:38:00,2,37,P0107_HRIR_SONICOM_Measured_Windowed_NoITD_Scaled.3dti-hrtf.bytes,2,90,30,88.13068,28.9504,0,0,
12/01/2024 13:38:04,2,38,P0107_HRIR_SONICOM_Synthetic_Windowed_NoITD_Scaled.3dti-hrtf.bytes,3,270,0,-90.03527,10.30227,0,0,
12/01/2024 13:38:08,2,39,P0107_HRIR_SONICOM_Synthetic_Windowed_NoITD_Scaled.3dti-hrtf.bytes,3,45,30,84.739,32.07494,0,0,
12/01/2024 13:38:12,2,40,P0107_HRIR_SONICOM_Measured_Windowed_NoITD_Scaled.3dti-hrtf.bytes,2,90,-30,96.11195,-35.97235,0,0,
12/01/2024 13:38:15,2,41,P0107_HRIR_SONICOM_Synthetic_Windowed_NoITD_Scaled.3dti-hrtf.bytes,3,315,-30,-55.60262,-2.735379,0,0,
12/01/2024 13:38:20,2,42,P0000_HRIR_SONICOM_Measured_Windowed_NoITD_Scaled.3dti-hrtf.bytes,1,0,60,-177.8452,30.38425,0,0,
12/01/2024 13:38:24,2,43,P0107_HRIR_SONICOM_Synthetic_Windowed_NoITD_Scaled.3dti-hrtf.bytes,3,90,30,94.63395,32.91556,0,0,
12/01/2024 13:38:28,2,44,P0107_HRIR_SONICOM_Synthetic_Windowed_NoITD_Scaled.3dti-hrtf.bytes,3,270,-30,-101.9601,-32.71907,0,0,
12/01/2024 13:38:32,2,45,P0107_HRIR_SONICOM_Measured_Windowed_NoITD_Scaled.3dti-hrtf.bytes,2,300,0,-90.20573,-0.2220564,0,0,
12/01/2024 13:38:35,2,46,P0107_HRIR_SONICOM_Measured_Windowed_NoITD_Scaled.3dti-hrtf.bytes,2,270,0,-95.88641,7.606123,0,0,
12/01/2024 13:38:39,2,47,P0000_HRIR_SONICOM_Measured_Windowed_NoITD_Scaled.3dti-hrtf.bytes,1,45,30,140.2519,-32.52372,0,0,
12/01/2024 13:38:43,2,48,P0107_HRIR_SONICOM_Measured_Windowed_NoITD_Scaled.3dti-hrtf.bytes,2,0,-30,0.477244,-32.65098,0,0,
12/01/2024 13:38:46,2,49,P0000_HRIR_SONICOM_Measured_Windowed_NoITD_Scaled.3dti-hrtf.bytes,1,90,30,97.4762,-0.5740312,0,0,
12/01/2024 13:38:50,2,50,P0000_HRIR_SONICOM_Measured_Windowed_NoITD_Scaled.3dti-hrtf.bytes,1,135,-30,138.7094,-40.69854,0,0,
12/01/2024 13:38:54,2,51,P0107_HRIR_SONICOM_Synthetic_Windowed_NoITD_Scaled.3dti-hrtf.bytes,3,180,60,-121.5139,87.91855,0,0,
12/01/2024 13:38:58,2,52,P0000_HRIR_SONICOM_Measured_Windowed_NoITD_Scaled.3dti-hrtf.bytes,1,270,60,-153.4487,-5.742556,0,0,
12/01/2024 13:39:02,2,53,P0000_HRIR_SONICOM_Measured_Windowed_NoITD_Scaled.3dti-hrtf.bytes,1,30,0,159.6276,-7.312281,0,0,
12/01/2024 13:39:05,2,54,P0107_HRIR_SONICOM_Measured_Windowed_NoITD_Scaled.3dti-hrtf.bytes,2,240,0,-98.42839,0.8919711,0,0,
12/01/2024 13:39:09,2,55,P0107_HRIR_SONICOM_Synthetic_Windowed_NoITD_Scaled.3dti-hrtf.bytes,3,135,-30,153.077,-22.88326,0,0,
12/01/2024 13:39:13,2,56,P0107_HRIR_SONICOM_Synthetic_Windowed_NoITD_Scaled.3dti-hrtf.bytes,3,0,-30,1.318489,-0.4498048,0,0,
12/01/2024 13:39:16,2,57,P0107_HRIR_SONICOM_Measured_Windowed_NoITD_Scaled.3dti-hrtf.bytes,2,0,60,-0.7195491,29.22861,0,0,
12/01/2024 13:39:18,2,58,P0000_HRIR_SONICOM_Measured_Windowed_NoITD_Scaled.3dti-hrtf.bytes,1,315,-30,-145.5408,-20.58274,0,0,
12/01/2024 13:39:24,2,59,P0000_HRIR_SONICOM_Measured_Windowed_NoITD_Scaled.3dti-hrtf.bytes,1,225,-30,-155.1113,-5.702277,0,0,
12/01/2024 13:39:28,2,60,P0107_HRIR_SONICOM_Measured_Windowed_NoITD_Scaled.3dti-hrtf.bytes,2,270,-30,-106.0475,-24.7222,0,0,
12/01/2024 13:39:32,2,61,P0107_HRIR_SONICOM_Synthetic_Windowed_NoITD_Scaled.3dti-hrtf.bytes,3,60,0,91.83341,0.5977437,0,0,
12/01/2024 13:39:36,2,62,P0107_HRIR_SONICOM_Synthetic_Windowed_NoITD_Scaled.3dti-hrtf.bytes,3,135,30,89.35979,12.59471,0,0,
12/01/2024 13:39:41,2,63,P0000_HRIR_SONICOM_Measured_Windowed_NoITD_Scaled.3dti-hrtf.bytes,1,0,-30,176.2854,39.07824,0,0,
12/01/2024 13:39:45,2,64,P0107_HRIR_SONICOM_Synthetic_Windowed_NoITD_Scaled.3dti-hrtf.bytes,3,0,0,1.080465,0.4379019,0,0,
12/01/2024 13:39:47,2,65,P0107_HRIR_SONICOM_Synthetic_Windowed_NoITD_Scaled.3dti-hrtf.bytes,3,0,30,0.6199199,26.3037,0,0,
12/01/2024 13:39:51,2,66,P0000_HRIR_SONICOM_Measured_Windowed_NoITD_Scaled.3dti-hrtf.bytes,1,0,90,-180,43.2025,0,0,
12/01/2024 13:39:55,2,67,P0107_HRIR_SONICOM_Synthetic_Windowed_NoITD_Scaled.3dti-hrtf.bytes,3,315,30,-89.16343,57.72138,0,0,
12/01/2024 13:39:59,2,68,P0107_HRIR_SONICOM_Synthetic_Windowed_NoITD_Scaled.3dti-hrtf.bytes,3,120,0,130.802,0.7225344,0,0,
12/01/2024 13:40:04,2,69,P0107_HRIR_SONICOM_Synthetic_Windowed_NoITD_Scaled.3dti-hrtf.bytes,3,180,-30,-176.515,-2.365792,0,0,
12/01/2024 13:40:08,2,70,P0107_HRIR_SONICOM_Synthetic_Windowed_NoITD_Scaled.3dti-hrtf.bytes,3,225,-30,-155.9072,-21.26753,0,0,
12/01/2024 13:40:12,2,71,P0000_HRIR_SONICOM_Measured_Windowed_NoITD_Scaled.3dti-hrtf.bytes,1,120,0,114.2556,1.900943,0,0,
12/01/2024 13:40:17,2,72,P0000_HRIR_SONICOM_Measured_Windowed_NoITD_Scaled.3dti-hrtf.bytes,1,0,30,179.728,11.82352,0,0,
12/01/2024 13:40:21,2,73,P0107_HRIR_SONICOM_Synthetic_Windowed_NoITD_Scaled.3dti-hrtf.bytes,3,210,0,-153.1514,29.40614,0,0,
12/01/2024 13:40:25,2,74,P0000_HRIR_SONICOM_Measured_Windowed_NoITD_Scaled.3dti-hrtf.bytes,1,90,0,100.6394,0.2654082,0,0,
12/01/2024 13:40:29,2,75,P0107_HRIR_SONICOM_Synthetic_Windowed_NoITD_Scaled.3dti-hrtf.bytes,3,180,30,175.9863,70.05225,0,0,
12/01/2024 13:40:33,2,76,P0107_HRIR_SONICOM_Measured_Windowed_NoITD_Scaled.3dti-hrtf.bytes,2,225,30,-125.989,16.76004,0,0,
12/01/2024 13:40:37,2,77,P0107_HRIR_SONICOM_Measured_Windowed_NoITD_Scaled.3dti-hrtf.bytes,2,0,30,0.6558113,1.436813,0,0,
12/01/2024 13:40:40,2,78,P0000_HRIR_SONICOM_Measured_Windowed_NoITD_Scaled.3dti-hrtf.bytes,1,210,0,-154.5451,-15.0052,0,0,
12/01/2024 13:40:44,2,79,P0000_HRIR_SONICOM_Measured_Windowed_NoITD_Scaled.3dti-hrtf.bytes,1,90,60,157.9371,-15.23638,0,0,
12/01/2024 13:40:48,2,80,P0107_HRIR_SONICOM_Synthetic_Windowed_NoITD_Scaled.3dti-hrtf.bytes,3,0,90,148.8394,88.66431,0,0,
12/01/2024 13:40:53,2,81,P0107_HRIR_SONICOM_Synthetic_Windowed_NoITD_Scaled.3dti-hrtf.bytes,3,225,30,-121.61,37.08034,0,0,
12/01/2024 13:40:56,2,82,P0000_HRIR_SONICOM_Measured_Windowed_NoITD_Scaled.3dti-hrtf.bytes,1,240,0,-129.3701,-9.960933,0,0,
12/01/2024 13:41:00,2,83,P0107_HRIR_SONICOM_Measured_Windowed_NoITD_Scaled.3dti-hrtf.bytes,2,90,60,150.0551,48.60326,0,0,
12/01/2024 13:41:06,2,84,P0000_HRIR_SONICOM_Measured_Windowed_NoITD_Scaled.3dti-hrtf.bytes,1,180,30,179.2898,0.2502292,0,0,
12/01/2024 13:41:10,2,85,P0000_HRIR_SONICOM_Measured_Windowed_NoITD_Scaled.3dti-hrtf.bytes,1,270,-30,-93.82262,-36.77974,0,0,
12/01/2024 13:41:14,2,86,P0107_HRIR_SONICOM_Measured_Windowed_NoITD_Scaled.3dti-hrtf.bytes,2,120,0,127.423,0.0656106,0,0,
12/01/2024 13:41:18,2,87,P0107_HRIR_SONICOM_Measured_Windowed_NoITD_Scaled.3dti-hrtf.bytes,2,45,-30,144.0741,-22.05575,0,0,
12/01/2024 13:41:22,2,88,P0000_HRIR_SONICOM_Measured_Windowed_NoITD_Scaled.3dti-hrtf.bytes,1,150,0,157.0023,18.30404,0,0,
12/01/2024 13:41:26,2,89,P0107_HRIR_SONICOM_Measured_Windowed_NoITD_Scaled.3dti-hrtf.bytes,2,315,30,-93.61697,16.13906,0,0,
12/01/2024 13:41:31,2,90,P0107_HRIR_SONICOM_Measured_Windowed_NoITD_Scaled.3dti-hrtf.bytes,2,315,-30,-56.40976,-23.9344,0,0,
12/01/2024 13:41:34,2,91,P0107_HRIR_SONICOM_Measured_Windowed_NoITD_Scaled.3dti-hrtf.bytes,2,210,0,-145.1837,-18.08943,0,0,
12/01/2024 13:41:38,2,92,P0107_HRIR_SONICOM_Measured_Windowed_NoITD_Scaled.3dti-hrtf.bytes,2,270,30,-106.1972,31.08204,0,0,
12/01/2024 13:41:42,2,93,P0107_HRIR_SONICOM_Synthetic_Windowed_NoITD_Scaled.3dti-hrtf.bytes,3,270,30,-95.48309,26.51479,0,0,
12/01/2024 13:41:46,2,94,P0107_HRIR_SONICOM_Measured_Windowed_NoITD_Scaled.3dti-hrtf.bytes,2,90,0,98.66167,-1.576443,0,0,
12/01/2024 13:41:50,2,95,P0107_HRIR_SONICOM_Measured_Windowed_NoITD_Scaled.3dti-hrtf.bytes,2,60,0,89.59822,-3.988112,0,0,
12/01/2024 13:41:54,2,96,P0107_HRIR_SONICOM_Synthetic_Windowed_NoITD_Scaled.3dti-hrtf.bytes,3,240,0,-127.5992,21.73097,0,0,
12/01/2024 13:41:58,2,97,P0107_HRIR_SONICOM_Synthetic_Windowed_NoITD_Scaled.3dti-hrtf.bytes,3,180,0,-178.2538,-0.1769387,0,0,
12/01/2024 13:42:03,2,98,P0107_HRIR_SONICOM_Synthetic_Windowed_NoITD_Scaled.3dti-hrtf.bytes,3,0,60,-179.534,45.46051,0,0,
